0,1.225
1000,1.067149187
2000,0.929638684
3000,0.809847483
4000,0.705492312
5000,0.614584121
6000,0.535390159
7000,0.466400958
8000,0.406301553
9000,0.353946427
10000,0.308337666
11000,0.268605951
12000,0.233993978
13000,0.203842027
14000,0.17757539
15000,0.154693415
16000,0.134759961
17000,0.117395088
18000,0.102267815
19000,0.089089808
20000,0.077609891
21000,0.067609251
22000,0.058897271
23000,0.051307898
24000,0.044696475
25000,0.03899
26000,0.033308082
27000,0.028454177
28000,0.024307619
29000,0.020765329
30000,0.01774
31000,0.015274216
32000,0.013151166
33000,0.01132321
34000,0.009749332
35000,0.008394217
36000,0.007227457
37000,0.006222871
38000,0.005357919
39000,0.004613191
40000,0.003972
41000,0.003479503
42000,0.003048072
43000,0.002670135
44000,0.00233906
45000,0.002049035
46000,0.00179497
47000,0.001572408
48000,0.001377442
49000,0.00120665
50000,0.001057
51000,0.000943848
52000,0.000842809
53000,0.000752587
54000,0.000672022
55000,0.000600082
56000,0.000535844
57000,0.000478481
58000,0.00042726
59000,0.000381522
60000,0.0003206
61000,0.00028162
62000,0.00024738
63000,0.000217303
64000,0.000190882
65000,0.000167674
66000,0.000147288
67000,0.00012938
68000,0.000113649
69000,9.98316E-05
70000,0.0000877
71000,7.52809E-05
72000,6.46205E-05
73000,5.54697E-05
74000,4.76147E-05
75000,4.08721E-05
76000,3.50842E-05
77000,3.0116E-05
78000,2.58513E-05
79000,2.21905E-05
80000,0.00001905
81000,1.60326E-05
82000,1.34931E-05
83000,1.13559E-05
84000,9.55718E-06
85000,8.04338E-06
86000,6.76936E-06
87000,5.69713E-06
88000,4.79474E-06
89000,4.03528E-06
90000,0.000003396
91000,2.82016E-06
92000,2.34196E-06
93000,1.94485E-06
94000,1.61507E-06
95000,1.34121E-06
96000,1.11379E-06
97000,9.24933E-07
98000,7.68098E-07
99000,6.37856E-07
100000,5.297E-07
101000,4.4682E-07
102000,3.76908E-07
103000,3.17935E-07
104000,2.68189E-07
105000,2.26226E-07
106000,1.9083E-07
107000,1.60971E-07
108000,1.35785E-07
109000,1.14539E-07
110000,9.661E-08
111000,8.41834E-08
112000,7.33552E-08
113000,6.39198E-08
114000,5.56981E-08
115000,4.85339E-08
116000,4.22911E-08
117000,3.68514E-08
118000,3.21113E-08
119000,2.7981E-08
120000,2.45596E-08
121000,2.142E-08
122000,1.87968E-08
123000,1.66097E-08
124000,1.47878E-08
125000,1.32384E-08
126000,1.19092E-08
127000,1.07612E-08
128000,9.76358E-09
129000,8.89173E-09
130000,8.12578E-09
131000,7.44962E-09
132000,6.85003E-09
133000,6.31613E-09
134000,5.83886E-09
135000,5.41066E-09
136000,5.02518E-09
137000,4.67704E-09
138000,4.36167E-09
139000,4.07518E-09
140000,3.81423E-09
141000,3.57592E-09
142000,3.35779E-09
143000,3.15765E-09
144000,2.97364E-09
145000,2.8041E-09
146000,2.64758E-09
147000,2.50283E-09
148000,2.3687E-09
149000,2.24423E-09
150000,2.12851E-09
151000,2.02078E-09
152000,1.92032E-09
153000,1.82652E-09
154000,1.73881E-09
155000,1.6567E-09
156000,1.57972E-09
157000,1.50747E-09
158000,1.43959E-09
159000,1.37573E-09
160000,1.31559E-09
161000,1.25874E-09
162000,1.20527E-09
163000,1.15476E-09
164000,1.10702E-09
165000,1.06184E-09
166000,1.01906E-09
167000,9.78509E-10
168000,9.40047E-10
169000,9.03537E-10
170000,8.68854E-10
171000,8.35882E-10
172000,8.04515E-10
173000,7.74655E-10
174000,7.46212E-10
175000,7.191E-10
176000,6.93242E-10
177000,6.68566E-10
178000,6.45002E-10
179000,6.2249E-10
180000,6.0097E-10
181000,5.80388E-10
182000,5.60692E-10
183000,5.41836E-10
184000,5.23775E-10
185000,5.06467E-10
186000,4.89873E-10
187000,4.73956E-10
188000,4.58683E-10
189000,4.44022E-10
190000,4.29941E-10
191000,4.16413E-10
192000,4.03411E-10
193000,3.9091E-10
194000,3.78885E-10
195000,3.67316E-10
196000,3.56179E-10
197000,3.45456E-10
198000,3.35129E-10
199000,3.25178E-10
200000,3.15587E-10
201000,3.0634E-10
202000,2.97423E-10
203000,2.88821E-10
204000,2.8052E-10
205000,2.72508E-10
206000,2.64772E-10
207000,2.57301E-10
208000,2.50084E-10
209000,2.4311E-10
210000,2.3637E-10
211000,2.29853E-10
212000,2.23552E-10
213000,2.17458E-10
214000,2.11562E-10
215000,2.05856E-10
216000,2.00334E-10
217000,1.94988E-10
218000,1.89812E-10
219000,1.84798E-10
220000,1.79942E-10
221000,1.75236E-10
222000,1.70676E-10
223000,1.66256E-10
224000,1.61971E-10
225000,1.57816E-10
226000,1.53787E-10
227000,1.49878E-10
228000,1.46086E-10
229000,1.42406E-10
230000,1.38835E-10
231000,1.35369E-10
232000,1.32004E-10
233000,1.28737E-10
234000,1.25563E-10
235000,1.22481E-10
236000,1.19487E-10
237000,1.16578E-10
238000,1.13752E-10
239000,1.11005E-10
240000,1.08335E-10
241000,1.05739E-10
242000,1.03215E-10
243000,1.00761E-10
244000,9.8374E-11
245000,9.6052E-11
246000,9.3794E-11
247000,9.1597E-11
248000,8.9459E-11
249000,8.7378E-11
250000,8.5353E-11
251000,8.3382E-11
252000,8.1463E-11
253000,7.9594E-11
254000,7.7775E-11
255000,7.6003E-11
256000,7.4278E-11
257000,7.2597E-11
258000,7.0959E-11
259000,6.9364E-11
260000,6.781E-11
261000,6.6295E-11
262000,6.4819E-11
263000,6.338E-11
264000,6.1977E-11
265000,6.061E-11
266000,5.9276E-11
267000,5.7977E-11
268000,5.6709E-11
269000,5.5473E-11
270000,5.4267E-11
271000,5.3091E-11
272000,5.1943E-11
273000,5.0824E-11
274000,4.9732E-11
275000,4.8666E-11
276000,4.7626E-11
277000,4.6611E-11
278000,4.5621E-11
279000,4.4654E-11
280000,4.371E-11
281000,4.2788E-11
282000,4.1888E-11
283000,4.101E-11
284000,4.0152E-11
285000,3.9314E-11
286000,3.8496E-11
287000,3.7697E-11
288000,3.6916E-11
289000,3.6154E-11
290000,3.5409E-11
291000,3.4681E-11
292000,3.397E-11
293000,3.3275E-11
294000,3.2596E-11
295000,3.1932E-11
296000,3.1283E-11
297000,3.0649E-11
298000,3.003E-11
299000,2.9424E-11
300000,2.883E-11
301000,2.8251E-11
302000,2.7685E-11
303000,2.7132E-11
304000,2.659E-11
305000,2.6061E-11
306000,2.5543E-11
307000,2.5037E-11
308000,2.4542E-11
309000,2.4058E-11
310000,2.3584E-11
311000,2.312E-11
312000,2.2667E-11
313000,2.2223E-11
314000,2.1789E-11
315000,2.1364E-11
316000,2.0948E-11
317000,2.0542E-11
318000,2.0143E-11
319000,1.9754E-11
320000,1.9372E-11
321000,1.8999E-11
322000,1.8634E-11
323000,1.8276E-11
324000,1.7926E-11
325000,1.7583E-11
326000,1.7247E-11
327000,1.6918E-11
328000,1.6597E-11
329000,1.6281E-11
330000,1.5973E-11
331000,1.5671E-11
332000,1.5375E-11
333000,1.5085E-11
334000,1.4801E-11
335000,1.4523E-11
336000,1.425E-11
337000,1.3983E-11
338000,1.3722E-11
339000,1.3466E-11
340000,1.3215E-11
341000,1.2969E-11
342000,1.2728E-11
343000,1.2492E-11
344000,1.2261E-11
345000,1.2034E-11
346000,1.1812E-11
347000,1.1594E-11
348000,1.1381E-11
349000,1.1172E-11
350000,1.0967E-11
351000,1.0766E-11
352000,1.0569E-11
353000,1.0376E-11
354000,1.0187E-11
355000,1.0001E-11
356000,9.82E-12
357000,9.641E-12
358000,9.466E-12
359000,9.295E-12
360000,9.127E-12
361000,8.962E-12
362000,8.801E-12
363000,8.642E-12
364000,8.487E-12
365000,8.334E-12
366000,8.185E-12
367000,8.038E-12
368000,7.895E-12
369000,7.754E-12
370000,7.615E-12
371000,7.48E-12
372000,7.347E-12
373000,7.216E-12
374000,7.088E-12
375000,6.963E-12
376000,6.839E-12
377000,6.718E-12
378000,6.6E-12
379000,6.483E-12
380000,6.369E-12
381000,6.257E-12
382000,6.147E-12
383000,6.039E-12
384000,5.933E-12
385000,5.83E-12
386000,5.728E-12
387000,5.628E-12
388000,5.529E-12
389000,5.433E-12
390000,5.338E-12
391000,5.246E-12
392000,5.155E-12
393000,5.065E-12
394000,4.977E-12
395000,4.891E-12
396000,4.807E-12
397000,4.724E-12
398000,4.642E-12
399000,4.562E-12
400000,4.483E-12
401000,4.406E-12
402000,4.331E-12
403000,4.256E-12
404000,4.183E-12
405000,4.112E-12
406000,4.041E-12
407000,3.972E-12
408000,3.904E-12
409000,3.838E-12
410000,3.772E-12
411000,3.708E-12
412000,3.645E-12
413000,3.583E-12
414000,3.522E-12
415000,3.463E-12
416000,3.404E-12
417000,3.346E-12
418000,3.29E-12
419000,3.234E-12
420000,3.18E-12
421000,3.126E-12
422000,3.073E-12
423000,3.022E-12
424000,2.971E-12
425000,2.921E-12
426000,2.872E-12
427000,2.824E-12
428000,2.776E-12
429000,2.73E-12
430000,2.684E-12
431000,2.639E-12
432000,2.595E-12
433000,2.552E-12
434000,2.509E-12
435000,2.468E-12
436000,2.427E-12
437000,2.386E-12
438000,2.347E-12
439000,2.308E-12
440000,2.269E-12
441000,2.232E-12
442000,2.195E-12
443000,2.159E-12
444000,2.123E-12
445000,2.088E-12
446000,2.053E-12
447000,2.02E-12
448000,1.986E-12
449000,1.954E-12
450000,1.921E-12
451000,1.89E-12
452000,1.859E-12
453000,1.828E-12
454000,1.798E-12
455000,1.769E-12
456000,1.74E-12
457000,1.712E-12
458000,1.684E-12
459000,1.656E-12
460000,1.629E-12
461000,1.602E-12
462000,1.576E-12
463000,1.551E-12
464000,1.526E-12
465000,1.501E-12
466000,1.476E-12
467000,1.452E-12
468000,1.429E-12
469000,1.406E-12
470000,1.383E-12
471000,1.361E-12
472000,1.339E-12
473000,1.317E-12
474000,1.296E-12
475000,1.275E-12
476000,1.254E-12
477000,1.234E-12
478000,1.214E-12
479000,1.195E-12
480000,1.175E-12
481000,1.157E-12
482000,1.138E-12
483000,1.12E-12
484000,1.102E-12
485000,1.084E-12
486000,1.067E-12
487000,1.05E-12
488000,1.033E-12
489000,1.017E-12
490000,1E-12
491000,9.84E-13
492000,9.69E-13
493000,9.53E-13
494000,9.38E-13
495000,9.23E-13
496000,9.09E-13
497000,8.94E-13
498000,8.8E-13
499000,8.66E-13
500000,8.52E-13
501000,8.39E-13
502000,8.26E-13
503000,8.13E-13
504000,8E-13
505000,7.87E-13
506000,7.75E-13
507000,7.62E-13
508000,7.5E-13
509000,7.39E-13
510000,7.27E-13
511000,7.16E-13
512000,7.04E-13
513000,6.93E-13
514000,6.82E-13
515000,6.72E-13
516000,6.61E-13
517000,6.51E-13
518000,6.41E-13
519000,6.31E-13
520000,6.21E-13
521000,6.11E-13
522000,6.02E-13
523000,5.92E-13
524000,5.83E-13
525000,5.74E-13
526000,5.65E-13
527000,5.56E-13
528000,5.48E-13
529000,5.39E-13
530000,5.31E-13
531000,5.23E-13
532000,5.15E-13
533000,5.07E-13
534000,4.99E-13
535000,4.91E-13
536000,4.84E-13
537000,4.76E-13
538000,4.69E-13
539000,4.62E-13
540000,4.54E-13
541000,4.47E-13
542000,4.41E-13
543000,4.34E-13
544000,4.27E-13
545000,4.21E-13
546000,4.14E-13
547000,4.08E-13
548000,4.02E-13
549000,3.96E-13
550000,3.89E-13
551000,3.84E-13
552000,3.78E-13
553000,3.72E-13
554000,3.66E-13
555000,3.61E-13
556000,3.55E-13
557000,3.5E-13
558000,3.45E-13
559000,3.39E-13
560000,3.34E-13
561000,3.29E-13
562000,3.24E-13
563000,3.19E-13
564000,3.14E-13
565000,3.1E-13
566000,3.05E-13
567000,3E-13
568000,2.96E-13
569000,2.92E-13
570000,2.87E-13
571000,2.83E-13
572000,2.79E-13
573000,2.74E-13
574000,2.7E-13
575000,2.66E-13
576000,2.62E-13
577000,2.58E-13
578000,2.55E-13
579000,2.51E-13
580000,2.47E-13
581000,2.43E-13
582000,2.4E-13
583000,2.36E-13
584000,2.33E-13
585000,2.29E-13
586000,2.26E-13
587000,2.22E-13
588000,2.19E-13
589000,2.16E-13
590000,2.13E-13
591000,2.1E-13
592000,2.07E-13
593000,2.04E-13
594000,2.01E-13
595000,1.98E-13
596000,1.95E-13
597000,1.92E-13
598000,1.89E-13
599000,1.86E-13
600000,1.84E-13
601000,1.81E-13
602000,1.78E-13
603000,1.76E-13
604000,1.73E-13
605000,1.71E-13
606000,1.68E-13
607000,1.66E-13
608000,1.63E-13
609000,1.61E-13
610000,1.59E-13
611000,1.56E-13
612000,1.54E-13
613000,1.52E-13
614000,1.5E-13
615000,1.47E-13
616000,1.45E-13
617000,1.43E-13
618000,1.41E-13
619000,1.39E-13
620000,1.37E-13
621000,1.35E-13
622000,1.33E-13
623000,1.31E-13
624000,1.3E-13
625000,1.28E-13
626000,1.26E-13
627000,1.24E-13
628000,1.22E-13
629000,1.21E-13
630000,1.19E-13
631000,1.17E-13
632000,1.16E-13
633000,1.14E-13
634000,1.12E-13
635000,1.11E-13
636000,1.09E-13
637000,1.08E-13
638000,1.06E-13
639000,1.05E-13
640000,1.03E-13
641000,1.02E-13
642000,1E-13
643000,9.9E-14
644000,9.8E-14
645000,9.6E-14
646000,9.5E-14
647000,9.4E-14
648000,9.2E-14
649000,9.1E-14
650000,9E-14
651000,8.9E-14
652000,8.7E-14
653000,8.6E-14
654000,8.5E-14
655000,8.4E-14
656000,8.3E-14
657000,8.1E-14
658000,8E-14
659000,7.9E-14
660000,7.8E-14
661000,7.7E-14
662000,7.6E-14
663000,7.5E-14
664000,7.4E-14
665000,7.3E-14
666000,7.2E-14
667000,7.1E-14
668000,7E-14
669000,6.9E-14
670000,6.8E-14
671000,6.7E-14
672000,6.6E-14
673000,6.6E-14
674000,6.5E-14
675000,6.4E-14
676000,6.3E-14
677000,6.2E-14
678000,6.1E-14
679000,6.1E-14
680000,6E-14
681000,5.9E-14
682000,5.8E-14
683000,5.7E-14
684000,5.7E-14
685000,5.6E-14
686000,5.5E-14
687000,5.4E-14
688000,5.4E-14
689000,5.3E-14
690000,5.2E-14
691000,5.2E-14
692000,5.1E-14
693000,5E-14
694000,5E-14
695000,4.9E-14
696000,4.8E-14
697000,4.8E-14
698000,4.7E-14
699000,4.7E-14
700000,4.6E-14
701000,4.5E-14
702000,4.5E-14
703000,4.4E-14
704000,4.4E-14
705000,4.3E-14
706000,4.3E-14
707000,4.2E-14
708000,4.2E-14
709000,4.1E-14
710000,4.1E-14
711000,4E-14
712000,4E-14
713000,3.9E-14
714000,3.9E-14
715000,3.8E-14
716000,3.8E-14
717000,3.7E-14
718000,3.7E-14
719000,3.6E-14
720000,3.6E-14
721000,3.5E-14
722000,3.5E-14
723000,3.5E-14
724000,3.4E-14
725000,3.4E-14
726000,3.3E-14
727000,3.3E-14
728000,3.3E-14
729000,3.2E-14
730000,3.2E-14
731000,3.1E-14
732000,3.1E-14
733000,3.1E-14
734000,3E-14
735000,3E-14
736000,3E-14
737000,2.9E-14
738000,2.9E-14
739000,2.9E-14
740000,2.8E-14
741000,2.8E-14
742000,2.8E-14
743000,2.7E-14
744000,2.7E-14
745000,2.7E-14
746000,2.6E-14
747000,2.6E-14
748000,2.6E-14
749000,2.5E-14
750000,2.5E-14
751000,2.5E-14
752000,2.5E-14
753000,2.4E-14
754000,2.4E-14
755000,2.4E-14
756000,2.3E-14
757000,2.3E-14
758000,2.3E-14
759000,2.3E-14
760000,2.2E-14
761000,2.2E-14
762000,2.2E-14
763000,2.2E-14
764000,2.1E-14
765000,2.1E-14
766000,2.1E-14
767000,2.1E-14
768000,2.1E-14
769000,2E-14
770000,2E-14
771000,2E-14
772000,2E-14
773000,1.9E-14
774000,1.9E-14
775000,1.9E-14
776000,1.9E-14
777000,1.9E-14
778000,1.8E-14
779000,1.8E-14
780000,1.8E-14
781000,1.8E-14
782000,1.8E-14
783000,1.8E-14
784000,1.7E-14
785000,1.7E-14
786000,1.7E-14
787000,1.7E-14
788000,1.7E-14
789000,1.6E-14
790000,1.6E-14
791000,1.6E-14
792000,1.6E-14
793000,1.6E-14
794000,1.6E-14
795000,1.5E-14
796000,1.5E-14
797000,1.5E-14
798000,1.5E-14
799000,1.5E-14
800000,1.5E-14
801000,1.5E-14
802000,1.4E-14
803000,1.4E-14
804000,1.4E-14
805000,1.4E-14
806000,1.4E-14
807000,1.4E-14
808000,1.4E-14
809000,1.4E-14
810000,1.3E-14
811000,1.3E-14
812000,1.3E-14
813000,1.3E-14
814000,1.3E-14
815000,1.3E-14
816000,1.3E-14
817000,1.3E-14
818000,1.2E-14
819000,1.2E-14
820000,1.2E-14
821000,1.2E-14
822000,1.2E-14
823000,1.2E-14
824000,1.2E-14
825000,1.2E-14
826000,1.2E-14
827000,1.1E-14
828000,1.1E-14
829000,1.1E-14
830000,1.1E-14
831000,1.1E-14
832000,1.1E-14
833000,1.1E-14
834000,1.1E-14
835000,1.1E-14
836000,1.1E-14
837000,1E-14
838000,1E-14
839000,1E-14
840000,1E-14
841000,1E-14
842000,1E-14
843000,1E-14
844000,1E-14
845000,1E-14
846000,1E-14
847000,1E-14
848000,1E-14
849000,9E-15
850000,9E-15
851000,9E-15
852000,9E-15
853000,9E-15
854000,9E-15
855000,9E-15
856000,9E-15
857000,9E-15
858000,9E-15
859000,9E-15
860000,9E-15
861000,9E-15
862000,9E-15
863000,8E-15
864000,8E-15
865000,8E-15
866000,8E-15
867000,8E-15
868000,8E-15
869000,8E-15
870000,8E-15
871000,8E-15
872000,8E-15
873000,8E-15
874000,8E-15
875000,8E-15
876000,8E-15
877000,8E-15
878000,8E-15
879000,7E-15
880000,7E-15
881000,7E-15
882000,7E-15
883000,7E-15
884000,7E-15
885000,7E-15
886000,7E-15
887000,7E-15
888000,7E-15
889000,7E-15
890000,7E-15
891000,7E-15
892000,7E-15
893000,7E-15
894000,7E-15
895000,7E-15
896000,7E-15
897000,7E-15
898000,7E-15
899000,7E-15
900000,6E-15
901000,6E-15
902000,6E-15
903000,6E-15
904000,6E-15
905000,6E-15
906000,6E-15
907000,6E-15
908000,6E-15
909000,6E-15
910000,6E-15
911000,6E-15
912000,6E-15
913000,6E-15
914000,6E-15
915000,6E-15
916000,6E-15
917000,6E-15
918000,6E-15
919000,6E-15
920000,6E-15
921000,6E-15
922000,6E-15
923000,6E-15
924000,6E-15
925000,5E-15
926000,5E-15
927000,5E-15
928000,5E-15
929000,5E-15
930000,5E-15
931000,5E-15
932000,5E-15
933000,5E-15
934000,5E-15
935000,5E-15
936000,5E-15
937000,5E-15
938000,5E-15
939000,5E-15
940000,5E-15
941000,5E-15
942000,5E-15
943000,5E-15
944000,5E-15
945000,5E-15
946000,5E-15
947000,5E-15
948000,5E-15
949000,5E-15
950000,5E-15
951000,5E-15
952000,5E-15
953000,5E-15
954000,5E-15
955000,5E-15
956000,5E-15
957000,5E-15
958000,5E-15
959000,5E-15
960000,4E-15
961000,4E-15
962000,4E-15
963000,4E-15
964000,4E-15
965000,4E-15
966000,4E-15
967000,4E-15
968000,4E-15
969000,4E-15
970000,4E-15
971000,4E-15
972000,4E-15
973000,4E-15
974000,4E-15
975000,4E-15
976000,4E-15
977000,4E-15
978000,4E-15
979000,4E-15
980000,4E-15
981000,4E-15
982000,4E-15
983000,4E-15
984000,4E-15
985000,4E-15
986000,4E-15
987000,4E-15
988000,4E-15
989000,4E-15
990000,4E-15
991000,4E-15
992000,4E-15
993000,4E-15
994000,4E-15
995000,4E-15
996000,4E-15
997000,4E-15
998000,4E-15
999000,4E-15
1000000,4E-15
1001000,4E-15
1002000,4E-15
1003000,4E-15
1004000,4E-15
1005000,4E-15
1006000,4E-15
1007000,4E-15
1008000,4E-15
1009000,4E-15
1010000,3E-15
1011000,3E-15
1012000,3E-15
1013000,3E-15
1014000,3E-15
1015000,3E-15
1016000,3E-15
1017000,3E-15
1018000,3E-15
1019000,3E-15
1020000,3E-15
1021000,3E-15
1022000,3E-15
1023000,3E-15
1024000,3E-15
1025000,3E-15
1026000,3E-15
1027000,3E-15
1028000,3E-15
1029000,3E-15
1030000,3E-15
1031000,3E-15
1032000,3E-15
1033000,3E-15
1034000,3E-15
1035000,3E-15
1036000,3E-15
1037000,3E-15
1038000,3E-15
1039000,3E-15
1040000,3E-15
1041000,3E-15
1042000,3E-15
1043000,3E-15
1044000,3E-15
1045000,3E-15
1046000,3E-15
1047000,3E-15
1048000,3E-15
1049000,3E-15
1050000,3E-15
1051000,3E-15
1052000,3E-15
1053000,3E-15
1054000,3E-15
1055000,3E-15
1056000,3E-15
1057000,3E-15
1058000,3E-15
1059000,3E-15
1060000,3E-15
1061000,3E-15
1062000,3E-15
1063000,3E-15
1064000,3E-15
1065000,3E-15
1066000,3E-15
1067000,3E-15
1068000,3E-15
1069000,3E-15
1070000,3E-15
1071000,3E-15
1072000,3E-15
1073000,3E-15
1074000,3E-15
1075000,3E-15
1076000,3E-15
1077000,3E-15
1078000,3E-15
1079000,3E-15
1080000,3E-15
1081000,3E-15
1082000,3E-15
1083000,3E-15
1084000,3E-15
1085000,3E-15
1086000,3E-15
1087000,3E-15
1088000,3E-15
1089000,2E-15
1090000,2E-15
1091000,2E-15
1092000,2E-15
1093000,2E-15
1094000,2E-15
1095000,2E-15
1096000,2E-15
1097000,2E-15
1098000,2E-15
1099000,2E-15
1100000,2E-15
1101000,2E-15
1102000,2E-15
1103000,2E-15
1104000,2E-15
1105000,2E-15
1106000,2E-15
1107000,2E-15
1108000,2E-15
1109000,2E-15
1110000,2E-15
1111000,2E-15
1112000,2E-15
1113000,2E-15
1114000,2E-15
1115000,2E-15
1116000,2E-15
1117000,2E-15
1118000,2E-15
1119000,2E-15
1120000,2E-15
1121000,2E-15
1122000,2E-15
1123000,2E-15
1124000,2E-15
1125000,2E-15
1126000,2E-15
1127000,2E-15
1128000,2E-15
1129000,2E-15
1130000,2E-15
1131000,2E-15
1132000,2E-15
1133000,2E-15
1134000,2E-15
1135000,2E-15
1136000,2E-15
1137000,2E-15
1138000,2E-15
1139000,2E-15
1140000,2E-15
1141000,2E-15
1142000,2E-15
1143000,2E-15
1144000,2E-15
1145000,2E-15
1146000,2E-15
1147000,2E-15
1148000,2E-15
1149000,2E-15
1150000,2E-15
1151000,2E-15
1152000,2E-15
1153000,2E-15
1154000,2E-15
1155000,2E-15
1156000,2E-15
1157000,2E-15
1158000,2E-15
1159000,2E-15
1160000,2E-15
1161000,2E-15
1162000,2E-15
1163000,2E-15
1164000,2E-15
1165000,2E-15
1166000,2E-15
1167000,2E-15
1168000,2E-15
1169000,2E-15
1170000,2E-15
1171000,2E-15
1172000,2E-15
1173000,2E-15
1174000,2E-15
1175000,2E-15
1176000,2E-15
1177000,2E-15
1178000,2E-15
1179000,2E-15
1180000,2E-15
1181000,2E-15
1182000,2E-15
1183000,2E-15
1184000,2E-15
1185000,2E-15
1186000,2E-15
1187000,2E-15
1188000,2E-15
1189000,2E-15
1190000,2E-15
1191000,2E-15
1192000,2E-15
1193000,2E-15
1194000,2E-15
1195000,2E-15
1196000,2E-15
1197000,2E-15
1198000,2E-15
1199000,2E-15
1200000,2E-15
1201000,2E-15
1202000,2E-15
1203000,2E-15
1204000,2E-15
1205000,2E-15
1206000,2E-15
1207000,2E-15
1208000,2E-15
1209000,2E-15
1210000,2E-15
1211000,2E-15
1212000,2E-15
1213000,2E-15
1214000,2E-15
1215000,2E-15
1216000,2E-15
1217000,2E-15
1218000,2E-15
1219000,2E-15
1220000,2E-15
1221000,2E-15
1222000,2E-15
1223000,2E-15
1224000,2E-15
1225000,2E-15
1226000,2E-15
1227000,2E-15
1228000,2E-15
1229000,2E-15
1230000,2E-15
1231000,2E-15
1232000,2E-15
1233000,2E-15
1234000,1E-15
1235000,1E-15
1236000,1E-15
1237000,1E-15
1238000,1E-15
1239000,1E-15
1240000,1E-15
1241000,1E-15
1242000,1E-15
1243000,1E-15
1244000,1E-15
1245000,1E-15
1246000,1E-15
1247000,1E-15
1248000,1E-15
1249000,1E-15
1250000,1E-15
1251000,1E-15
1252000,1E-15
1253000,1E-15
1254000,1E-15
1255000,1E-15
1256000,1E-15
1257000,1E-15
1258000,1E-15
1259000,1E-15
1260000,1E-15
1261000,1E-15
1262000,1E-15
1263000,1E-15
1264000,1E-15
1265000,1E-15
1266000,1E-15
1267000,1E-15
1268000,1E-15
1269000,1E-15
1270000,1E-15
1271000,1E-15
1272000,1E-15
1273000,1E-15
1274000,1E-15
1275000,1E-15
1276000,1E-15
1277000,1E-15
1278000,1E-15
1279000,1E-15
1280000,1E-15
1281000,1E-15
1282000,1E-15
1283000,1E-15
1284000,1E-15
1285000,1E-15
1286000,1E-15
1287000,1E-15
1288000,1E-15
1289000,1E-15
1290000,1E-15
1291000,1E-15
1292000,1E-15
1293000,1E-15
1294000,1E-15
1295000,1E-15
1296000,1E-15
1297000,1E-15
1298000,1E-15
1299000,1E-15
1300000,1E-15
1301000,1E-15
1302000,1E-15
1303000,1E-15
1304000,1E-15
1305000,1E-15
1306000,1E-15
1307000,1E-15
1308000,1E-15
1309000,1E-15
1310000,1E-15
1311000,1E-15
1312000,1E-15
1313000,1E-15
1314000,1E-15
1315000,1E-15
1316000,1E-15
1317000,1E-15
1318000,1E-15
1319000,1E-15
1320000,1E-15
1321000,1E-15
1322000,1E-15
1323000,1E-15
1324000,1E-15
1325000,1E-15
1326000,1E-15
1327000,1E-15
1328000,1E-15
1329000,1E-15
1330000,1E-15
1331000,1E-15
1332000,1E-15
1333000,1E-15
1334000,1E-15
1335000,1E-15
1336000,1E-15
1337000,1E-15
1338000,1E-15
1339000,1E-15
1340000,1E-15
1341000,1E-15
1342000,1E-15
1343000,1E-15
1344000,1E-15
1345000,1E-15
1346000,1E-15
1347000,1E-15
1348000,1E-15
1349000,1E-15
1350000,1E-15
1351000,1E-15
1352000,1E-15
1353000,1E-15
1354000,1E-15
1355000,1E-15
1356000,1E-15
1357000,1E-15
1358000,1E-15
1359000,1E-15
1360000,1E-15
1361000,1E-15
1362000,1E-15
1363000,1E-15
1364000,1E-15
1365000,1E-15
1366000,1E-15
1367000,1E-15
1368000,1E-15
1369000,1E-15
1370000,1E-15
1371000,1E-15
1372000,1E-15
1373000,1E-15
1374000,1E-15
1375000,1E-15
1376000,1E-15
1377000,1E-15
1378000,1E-15
1379000,1E-15
1380000,1E-15
1381000,1E-15
1382000,1E-15
1383000,1E-15
1384000,1E-15
1385000,1E-15
1386000,1E-15
1387000,1E-15
1388000,1E-15
1389000,1E-15
1390000,1E-15
1391000,1E-15
1392000,1E-15
1393000,1E-15
1394000,1E-15
1395000,1E-15
1396000,1E-15
1397000,1E-15
1398000,1E-15
1399000,1E-15
1400000,1E-15
1401000,1E-15
1402000,1E-15
1403000,1E-15
1404000,1E-15
1405000,1E-15
1406000,1E-15
1407000,1E-15
1408000,1E-15
1409000,1E-15
1410000,1E-15
1411000,1E-15
1412000,1E-15
1413000,1E-15
1414000,1E-15
1415000,1E-15
1416000,1E-15
1417000,1E-15
1418000,1E-15
1419000,1E-15
1420000,1E-15
1421000,1E-15
1422000,1E-15
1423000,1E-15
1424000,1E-15
1425000,1E-15
1426000,1E-15
1427000,1E-15
1428000,1E-15
1429000,1E-15
1430000,1E-15
1431000,1E-15
1432000,1E-15
1433000,1E-15
1434000,1E-15
1435000,1E-15
1436000,1E-15
1437000,1E-15
1438000,1E-15
1439000,1E-15
1440000,1E-15
1441000,1E-15
1442000,1E-15
1443000,1E-15
1444000,1E-15
1445000,1E-15
1446000,1E-15
1447000,1E-15
1448000,1E-15
1449000,1E-15
1450000,1E-15
1451000,1E-15
1452000,1E-15
1453000,1E-15
1454000,1E-15
1455000,1E-15
1456000,1E-15
1457000,1E-15
1458000,1E-15
1459000,1E-15
1460000,1E-15
1461000,1E-15
1462000,1E-15
1463000,1E-15
1464000,1E-15
1465000,1E-15
1466000,1E-15
1467000,1E-15
1468000,1E-15
1469000,1E-15
1470000,1E-15
1471000,1E-15
1472000,1E-15
1473000,1E-15
1474000,1E-15
1475000,1E-15
1476000,1E-15
1477000,1E-15
1478000,1E-15
1479000,1E-15
1480000,1E-15
1481000,1E-15
1482000,1E-15
1483000,1E-15
1484000,1E-15
1485000,1E-15
1486000,1E-15
1487000,1E-15
1488000,1E-15
1489000,1E-15
1490000,1E-15
1491000,1E-15
1492000,1E-15
1493000,1E-15
1494000,1E-15
1495000,1E-15
1496000,1E-15
1497000,1E-15
1498000,1E-15
1499000,1E-15
